{"images": {"parsing_image_time": 0.0007021427154541016}}
{"images": {"parsing_image_time": 0.0016732215881347656}}
{"images": {"parsing_image_time": 0.0016589164733886719}}
{"images": {"parsing_image_time": 0.0020139217376708984}}
{"images": {"parsing_image_time": 0.0015685558319091797}}
